{
  "projected_growth_rates": [
    0.058201990811061206,
    0.058201990811061206,
    0.058201990811061206,
    0.058201990811061206,
    0.058201990811061206,
    0.058201990811061206,
    0.058201990811061206
  ],
  "terminal_growth_rate": 0.03,
  "analyst_revenue_growth_y1": 10232166210,
  "analyst_revenue_growth_y2": 11252576780,
  "analyst_earnings_growth_5y": 0,
  "number_of_analysts": 26,
  "historical_cagr": 0.13638286952529755,
  "sustainable_growth_rate": 0.009346798289296385,
  "source": "analyst_blend",
  "confidence": "high",
  "method": "80% analyst (26 analysts) + 20% historical CAGR",
  "warnings": [
    "Stage 1 growth (10.7%) exceeds ROIC-sustainable growth (0.9%); blending downward"
  ]
}