{
  "blume_beta": 0.9979900000000002,
  "inputs": {
    "MarketValueOfEquity": 103382867966,
    "MarketValueOfDebt": 21202000000,
    "Beta": 0.9979900000000002,
    "RiskFreeRate": 0.045,
    "MarketRiskPremium": 0.05,
    "CountryRiskPremium": 0,
    "InterestExpense": 0,
    "TaxRate": 0.21
  },
  "raw_beta": 0.997,
  "relevered_beta": 0.9979900000000002,
  "result": {
    "cost_of_equity": 0.09489950000000001,
    "cost_of_debt_pretax": 0,
    "cost_of_debt_after_tax": 0,
    "weight_of_equity": 0.8298188187205354,
    "weight_of_debt": 0.17018118127946452,
    "wacc": 0.07874939098716946,
    "total_value": 124584867966,
    "tax_shield": 0
  },
  "unlevered_beta": 0.8588443018374942
}