{
  "projected_growth_rates": [
    0.3095845967435891,
    0.3095845967435891,
    0.3095845967435891,
    0.2636676773948713,
    0.21775075804615346,
    0.17183383869743565,
    0.12591691934871782
  ],
  "terminal_growth_rate": 0.03,
  "analyst_revenue_growth_y1": 49441563190,
  "analyst_revenue_growth_y2": 76299801700,
  "analyst_earnings_growth_5y": 0,
  "number_of_analysts": 46,
  "analyst_weight": 0.8,
  "historical_weight": 0.2,
  "historical_cagr": 0.8365258008238343,
  "sustainable_growth_rate": 0.017278445374297024,
  "source": "analyst_blend",
  "confidence": "high",
  "method": "80% analyst (46 analysts) + 20% historical CAGR",
  "warnings": [
    "Stage 1 growth (60.2%) exceeds ROIC-sustainable growth (1.7%); blending downward"
  ]
}