{
  "projected_growth_rates": [
    0.032222434277202755,
    0.032222434277202755,
    0.032222434277202755,
    0.032222434277202755,
    0.032222434277202755,
    0.032222434277202755,
    0.032222434277202755
  ],
  "terminal_growth_rate": 0.0244332762920062,
  "analyst_revenue_growth_y1": 172310909650,
  "analyst_revenue_growth_y2": 177146195820,
  "analyst_earnings_growth_5y": 0,
  "number_of_analysts": 10,
  "historical_cagr": 0.0488665525840124,
  "sustainable_growth_rate": 0.06322404398409504,
  "source": "analyst_blend",
  "confidence": "high",
  "method": "80% analyst (10 analysts) + 20% historical CAGR"
}