{
  "blume_beta": 1.4448800000000002,
  "inputs": {
    "MarketValueOfEquity": 52739001465.15,
    "MarketValueOfDebt": 567000000,
    "Beta": 1.4448800000000002,
    "RiskFreeRate": 0.045,
    "MarketRiskPremium": 0.05,
    "CountryRiskPremium": 0,
    "InterestExpense": 0,
    "TaxRate": 0.21
  },
  "raw_beta": 1.664,
  "relevered_beta": 1.4448800000000002,
  "result": {
    "cost_of_equity": 0.11724400000000001,
    "cost_of_debt_pretax": 0,
    "cost_of_debt_after_tax": 0,
    "weight_of_equity": 0.9893632989829355,
    "weight_of_debt": 0.010636701017064449,
    "wacc": 0.11599691062595531,
    "total_value": 53306001465.15,
    "tax_shield": 0
  },
  "unlevered_beta": 1.4327115014502374
}