{
  "blume_beta": 0.9799,
  "inputs": {
    "MarketValueOfEquity": 106927423439.12001,
    "MarketValueOfDebt": 19785000000,
    "Beta": 0.9799,
    "RiskFreeRate": 0.045,
    "MarketRiskPremium": 0.05,
    "CountryRiskPremium": 0,
    "InterestExpense": 0,
    "TaxRate": 0.21
  },
  "raw_beta": 0.97,
  "relevered_beta": 0.9799,
  "result": {
    "cost_of_equity": 0.093995,
    "cost_of_debt_pretax": 0,
    "cost_of_debt_after_tax": 0,
    "weight_of_equity": 0.8438590355782607,
    "weight_of_debt": 0.15614096442173928,
    "wacc": 0.0793185300491786,
    "total_value": 126712423439.12001,
    "tax_shield": 0
  },
  "unlevered_beta": 0.85493029347584
}