{
  "blume_beta": 1.8334800000000002,
  "inputs": {
    "MarketValueOfEquity": 5220570119000,
    "MarketValueOfDebt": 8470000000,
    "Beta": 1.8334800000000002,
    "RiskFreeRate": 0.045,
    "MarketRiskPremium": 0.05,
    "CountryRiskPremium": 0,
    "InterestExpense": 0,
    "TaxRate": 0.21
  },
  "raw_beta": 2.244,
  "relevered_beta": 1.8334800000000002,
  "result": {
    "cost_of_equity": 0.13667400000000002,
    "cost_of_debt_pretax": 0,
    "cost_of_debt_after_tax": 0,
    "weight_of_equity": 0.998380199844093,
    "weight_of_debt": 0.0016198001559069699,
    "wacc": 0.13645261543349158,
    "total_value": 5229040119000,
    "tax_shield": 0
  },
  "unlevered_beta": 1.831133003410274
}