{
  "implied_pe": 12.377289645765217,
  "sector_median_pe": 22,
  "implied_ev_ebitda": 13.229290694270869,
  "sector_median_ev_ebitda": 10,
  "implied_pfcf": 12.540711756756714,
  "sector_median_pfcf": 25,
  "is_reasonable": true
}