{
  "blume_beta": 1.5346600000000001,
  "inputs": {
    "MarketValueOfEquity": 55028598189.240005,
    "MarketValueOfDebt": 0,
    "Beta": 1.5346600000000001,
    "RiskFreeRate": 0.045,
    "MarketRiskPremium": 0.05,
    "CountryRiskPremium": 0,
    "InterestExpense": 0,
    "TaxRate": 0.21
  },
  "raw_beta": 1.798,
  "relevered_beta": 1.5346600000000001,
  "result": {
    "cost_of_equity": 0.12173300000000001,
    "cost_of_debt_pretax": 0,
    "cost_of_debt_after_tax": 0,
    "weight_of_equity": 1,
    "weight_of_debt": 0,
    "wacc": 0.12173300000000001,
    "total_value": 55028598189.240005,
    "tax_shield": 0
  },
  "unlevered_beta": 1.5346600000000001
}