{
  "projected_growth_rates": [
    0.30111845306985563,
    0.30111845306985563,
    0.30111845306985563,
    0.2568947624558845,
    0.21267107184191336,
    0.16844738122794226,
    0.12422369061397112
  ],
  "terminal_growth_rate": 0.03,
  "analyst_revenue_growth_y1": 49284409430,
  "analyst_revenue_growth_y2": 75265916070,
  "analyst_earnings_growth_5y": 0,
  "number_of_analysts": 44,
  "historical_cagr": 0.8365258008238343,
  "sustainable_growth_rate": 0.013191776836797361,
  "source": "analyst_blend",
  "confidence": "high",
  "method": "80% analyst (44 analysts) + 20% historical CAGR",
  "warnings": [
    "Stage 1 growth (58.9%) exceeds ROIC-sustainable growth (1.3%); blending downward"
  ]
}