{
  "implied_pe": -59.05376285524077,
  "sector_median_pe": 22,
  "implied_ev_ebitda": -57.0862832173428,
  "sector_median_ev_ebitda": 10,
  "implied_pfcf": -82.16434006921325,
  "sector_median_pfcf": 25,
  "is_reasonable": true
}