{
  "projected_growth_rates": [
    0.10797880233869514,
    0.10797880233869514,
    0.10797880233869514,
    0.1023830418709561,
    0.09678728140321709,
    0.09119152093547805,
    0.08559576046773903
  ],
  "terminal_growth_rate": 0.03,
  "analyst_revenue_growth_y1": 329502013070,
  "analyst_revenue_growth_y2": 384268614320,
  "analyst_earnings_growth_5y": 0,
  "number_of_analysts": 51,
  "analyst_weight": 0.8,
  "historical_weight": 0.2,
  "historical_cagr": 0.16440830406502682,
  "sustainable_growth_rate": 0.05010776988636363,
  "source": "analyst_blend",
  "confidence": "high",
  "method": "80% analyst (51 analysts) + 20% historical CAGR",
  "warnings": [
    "Stage 1 growth (16.6%) exceeds ROIC-sustainable growth (5.0%); blending downward"
  ]
}