{
  "blume_beta": 1.06901,
  "inputs": {
    "MarketValueOfEquity": 2818348126697.5996,
    "MarketValueOfDebt": 40262000000,
    "Beta": 1.06901,
    "RiskFreeRate": 0.045,
    "MarketRiskPremium": 0.05,
    "CountryRiskPremium": 0,
    "InterestExpense": 0,
    "TaxRate": 0.21
  },
  "raw_beta": 1.103,
  "relevered_beta": 1.06901,
  "result": {
    "cost_of_equity": 0.0984505,
    "cost_of_debt_pretax": 0,
    "cost_of_debt_after_tax": 0,
    "weight_of_equity": 0.9859155329983692,
    "weight_of_debt": 0.014084467001630806,
    "wacc": 0.09706387718145594,
    "total_value": 2858610126697.5996,
    "tax_shield": 0
  },
  "unlevered_beta": 1.057080130074711
}