{
  "blume_beta": 1.05762,
  "inputs": {
    "MarketValueOfEquity": 4610361048400,
    "MarketValueOfDebt": 82700000000,
    "Beta": 1.05762,
    "RiskFreeRate": 0.045,
    "MarketRiskPremium": 0.05,
    "CountryRiskPremium": 0,
    "InterestExpense": 0,
    "TaxRate": 0.21
  },
  "raw_beta": 1.086,
  "relevered_beta": 1.05762,
  "result": {
    "cost_of_equity": 0.097881,
    "cost_of_debt_pretax": 0,
    "cost_of_debt_after_tax": 0,
    "weight_of_equity": 0.9823782390326683,
    "weight_of_debt": 0.01762176096733172,
    "wacc": 0.0961561644147566,
    "total_value": 4693061048400,
    "tax_shield": 0
  },
  "unlevered_beta": 1.0428419827164173
}