{
  "blume_beta": 2.9858800000000003,
  "inputs": {
    "MarketValueOfEquity": 8254346500.620001,
    "MarketValueOfDebt": 123773000,
    "Beta": 2.9858800000000003,
    "RiskFreeRate": 0.045,
    "MarketRiskPremium": 0.05,
    "CountryRiskPremium": 0,
    "InterestExpense": 0,
    "TaxRate": 0.21
  },
  "raw_beta": 3.964,
  "relevered_beta": 2.9858800000000003,
  "result": {
    "cost_of_equity": 0.19429400000000002,
    "cost_of_debt_pretax": 0,
    "cost_of_debt_after_tax": 0,
    "weight_of_equity": 0.985226637076394,
    "weight_of_debt": 0.014773362923606008,
    "wacc": 0.19142362422412093,
    "total_value": 8378119500.620001,
    "tax_shield": 0
  },
  "unlevered_beta": 2.9509234744376713
}