{
  "blume_beta": 3.0073200000000004,
  "inputs": {
    "MarketValueOfEquity": 7246059002.28,
    "MarketValueOfDebt": 123773000,
    "Beta": 3.0073200000000004,
    "RiskFreeRate": 0.045,
    "MarketRiskPremium": 0.05,
    "CountryRiskPremium": 0,
    "InterestExpense": 0,
    "TaxRate": 0.21
  },
  "raw_beta": 3.996,
  "relevered_beta": 3.0073200000000004,
  "result": {
    "cost_of_equity": 0.19536600000000004,
    "cost_of_debt_pretax": 0,
    "cost_of_debt_after_tax": 0,
    "weight_of_equity": 0.983205451635572,
    "weight_of_debt": 0.016794548364427904,
    "wacc": 0.1920849162642352,
    "total_value": 7369832002.28,
    "tax_shield": 0
  },
  "unlevered_beta": 2.967278580575452
}