{
  "projected_growth_rates": [
    0.058054419951776536,
    0.058054419951776536,
    0.058054419951776536,
    0.058054419951776536,
    0.058054419951776536,
    0.058054419951776536,
    0.058054419951776536
  ],
  "terminal_growth_rate": 0.03,
  "analyst_revenue_growth_y1": 10230493390,
  "analyst_revenue_growth_y2": 11246962830,
  "analyst_earnings_growth_5y": 0,
  "number_of_analysts": 27,
  "historical_cagr": 0.13638286952529755,
  "sustainable_growth_rate": 0.009346798289296385,
  "source": "analyst_blend",
  "confidence": "high",
  "method": "80% analyst (27 analysts) + 20% historical CAGR",
  "warnings": [
    "Stage 1 growth (10.7%) exceeds ROIC-sustainable growth (0.9%); blending downward"
  ]
}