{
  "blume_beta": 0.9979900000000002,
  "inputs": {
    "MarketValueOfEquity": 104686680524.56,
    "MarketValueOfDebt": 21202000000,
    "Beta": 0.9979900000000002,
    "RiskFreeRate": 0.045,
    "MarketRiskPremium": 0.05,
    "CountryRiskPremium": 0,
    "InterestExpense": 0,
    "TaxRate": 0.21
  },
  "raw_beta": 0.997,
  "relevered_beta": 0.9979900000000002,
  "result": {
    "cost_of_equity": 0.09489950000000001,
    "cost_of_debt_pretax": 0,
    "cost_of_debt_after_tax": 0,
    "weight_of_equity": 0.8315813629020947,
    "weight_of_debt": 0.16841863709790522,
    "wacc": 0.07891665554872734,
    "total_value": 125888680524.56,
    "tax_shield": 0
  },
  "unlevered_beta": 0.8603382535447535
}