{
  "projected_growth_rates": [
    0.308619615083386,
    0.308619615083386,
    0.308619615083386,
    0.26289569206670876,
    0.2171717690500316,
    0.17144784603335442,
    0.1257239230166772
  ],
  "terminal_growth_rate": 0.03,
  "analyst_revenue_growth_y1": 49439760360,
  "analyst_revenue_growth_y2": 76177748360,
  "analyst_earnings_growth_5y": 0,
  "number_of_analysts": 46,
  "analyst_weight": 0.8,
  "historical_weight": 0.2,
  "historical_cagr": 0.8365258008238343,
  "sustainable_growth_rate": 0.017278445374297024,
  "source": "analyst_blend",
  "confidence": "high",
  "method": "80% analyst (46 analysts) + 20% historical CAGR",
  "warnings": [
    "Stage 1 growth (60.0%) exceeds ROIC-sustainable growth (1.7%); blending downward"
  ]
}