{
  "blume_beta": 1.99964,
  "inputs": {
    "MarketValueOfEquity": 760479526016.82,
    "MarketValueOfDebt": 2350000000,
    "Beta": 1.99964,
    "RiskFreeRate": 0.045,
    "MarketRiskPremium": 0.05,
    "CountryRiskPremium": 0,
    "InterestExpense": 37000000,
    "TaxRate": 0.21
  },
  "raw_beta": 2.492,
  "relevered_beta": 1.99964,
  "result": {
    "cost_of_equity": 0.144982,
    "cost_of_debt_pretax": 0.01574468085106383,
    "cost_of_debt_after_tax": 0.012438297872340427,
    "weight_of_equity": 0.9969193641307111,
    "weight_of_debt": 0.003080635869288814,
    "wacc": 0.1445736811169772,
    "total_value": 762829526016.82,
    "tax_shield": 0.0033063829787234045
  },
  "unlevered_beta": 1.9947703211007923
}