{
  "projected_growth_rates": [
    0.10688679559975892,
    0.10688679559975892,
    0.10688679559975892,
    0.10150943647980713,
    0.09613207735985535,
    0.09075471823990357,
    0.08537735911995178
  ],
  "terminal_growth_rate": 0.03,
  "analyst_revenue_growth_y1": 100887010500,
  "analyst_revenue_growth_y2": 107233194580,
  "analyst_earnings_growth_5y": 0,
  "number_of_analysts": 21,
  "historical_cagr": 0.6465505678078425,
  "sustainable_growth_rate": 0.03414037619170317,
  "source": "analyst_blend",
  "confidence": "high",
  "method": "80% analyst (21 analysts) + 20% historical CAGR",
  "warnings": [
    "Stage 1 growth (18.0%) exceeds ROIC-sustainable growth (3.4%); blending downward"
  ]
}