{
  "implied_pe": -46.174705775612814,
  "sector_median_pe": 22,
  "implied_ev_ebitda": -45.018711441512544,
  "sector_median_ev_ebitda": 10,
  "implied_pfcf": -64.24508861938885,
  "sector_median_pfcf": 25,
  "is_reasonable": true
}