{
  "projected_growth_rates": [
    0.07499038445934139,
    0.07499038445934139,
    0.07499038445934139,
    0.07499038445934139,
    0.07499038445934139,
    0.07499038445934139,
    0.07499038445934139
  ],
  "terminal_growth_rate": 0.025615195263692048,
  "analyst_revenue_growth_y1": 477947071220,
  "analyst_revenue_growth_y2": 516627510720,
  "analyst_earnings_growth_5y": 0,
  "number_of_analysts": 36,
  "historical_cagr": 0.051230390527384095,
  "sustainable_growth_rate": 0.13817395330701368,
  "source": "analyst_blend",
  "confidence": "high",
  "method": "80% analyst (36 analysts) + 20% historical CAGR"
}