{
  "projected_growth_rates": [
    0.10783825416895775,
    0.10783825416895775,
    0.10783825416895775,
    0.1022706033351662,
    0.09670295250137464,
    0.0911353016675831,
    0.08556765083379154
  ],
  "terminal_growth_rate": 0.03,
  "analyst_revenue_growth_y1": 329485991560,
  "analyst_revenue_growth_y2": 384073373830,
  "analyst_earnings_growth_5y": 0,
  "number_of_analysts": 49,
  "analyst_weight": 0.8,
  "historical_weight": 0.2,
  "historical_cagr": 0.16440830406502682,
  "sustainable_growth_rate": 0.05025535590877678,
  "source": "analyst_blend",
  "confidence": "high",
  "method": "80% analyst (49 analysts) + 20% historical CAGR",
  "warnings": [
    "Stage 1 growth (16.5%) exceeds ROIC-sustainable growth (5.0%); blending downward"
  ]
}