{
  "blume_beta": 1.06231,
  "inputs": {
    "MarketValueOfEquity": 3164290330862.8804,
    "MarketValueOfDebt": 62500000000,
    "Beta": 1.06231,
    "RiskFreeRate": 0.045,
    "MarketRiskPremium": 0.05,
    "CountryRiskPremium": 0,
    "InterestExpense": 0,
    "TaxRate": 0.21
  },
  "raw_beta": 1.093,
  "relevered_beta": 1.06231,
  "result": {
    "cost_of_equity": 0.09811550000000001,
    "cost_of_debt_pretax": 0,
    "cost_of_debt_after_tax": 0,
    "weight_of_equity": 0.9806309076229051,
    "weight_of_debt": 0.019369092377094978,
    "wacc": 0.09621509181687515,
    "total_value": 3226790330862.8804,
    "tax_shield": 0
  },
  "unlevered_beta": 1.0459885878895745
}