{
  "implied_pe": 15.946917939439047,
  "sector_median_pe": 28,
  "implied_ev_ebitda": 11.332886583389469,
  "sector_median_ev_ebitda": 18,
  "implied_pfcf": 51.17765686522864,
  "sector_median_pfcf": 32,
  "is_reasonable": true
}