{
  "projected_growth_rates": [
    0.10775347309676815,
    0.10775347309676815,
    0.10775347309676815,
    0.10220277847741452,
    0.09665208385806089,
    0.09110138923870727,
    0.08555069461935363
  ],
  "terminal_growth_rate": 0.03,
  "analyst_revenue_growth_y1": 329500971150,
  "analyst_revenue_growth_y2": 384020996540,
  "analyst_earnings_growth_5y": 0,
  "number_of_analysts": 49,
  "analyst_weight": 0.8,
  "historical_weight": 0.2,
  "historical_cagr": 0.16440830406502682,
  "sustainable_growth_rate": 0.05025535590877678,
  "source": "analyst_blend",
  "confidence": "high",
  "method": "80% analyst (49 analysts) + 20% historical CAGR",
  "warnings": [
    "Stage 1 growth (16.5%) exceeds ROIC-sustainable growth (5.0%); blending downward"
  ]
}