{
  "implied_pe": 15.973812221247192,
  "sector_median_pe": 28,
  "implied_ev_ebitda": 11.35091786081255,
  "sector_median_ev_ebitda": 18,
  "implied_pfcf": 51.26396735677572,
  "sector_median_pfcf": 32,
  "is_reasonable": true
}