{
  "projected_growth_rates": [
    0.02465180628105341,
    0.02465180628105341,
    0.02465180628105341,
    0.02465180628105341,
    0.02465180628105341,
    0.02465180628105341,
    0.02465180628105341
  ],
  "terminal_growth_rate": 0.0244332762920062,
  "analyst_revenue_growth_y1": 175701700590,
  "analyst_revenue_growth_y2": 178969421850,
  "analyst_earnings_growth_5y": 0,
  "number_of_analysts": 11,
  "analyst_weight": 0.8,
  "historical_weight": 0.2,
  "historical_cagr": 0.0488665525840124,
  "sustainable_growth_rate": 0.097650881023868,
  "source": "analyst_blend",
  "confidence": "high",
  "method": "80% analyst (11 analysts) + 20% historical CAGR"
}