{
  "blume_beta": 1.4448800000000002,
  "inputs": {
    "MarketValueOfEquity": 61466865900.57,
    "MarketValueOfDebt": 0,
    "Beta": 1.4448800000000002,
    "RiskFreeRate": 0.045,
    "MarketRiskPremium": 0.05,
    "CountryRiskPremium": 0,
    "InterestExpense": 0,
    "TaxRate": 0.21
  },
  "raw_beta": 1.664,
  "relevered_beta": 1.4448800000000002,
  "result": {
    "cost_of_equity": 0.11724400000000001,
    "cost_of_debt_pretax": 0,
    "cost_of_debt_after_tax": 0,
    "weight_of_equity": 1,
    "weight_of_debt": 0,
    "wacc": 0.11724400000000001,
    "total_value": 61466865900.57,
    "tax_shield": 0
  },
  "unlevered_beta": 1.4448800000000002
}