{
  "projected_growth_rates": [
    0.3086196198880741,
    0.3086196198880741,
    0.3086196198880741,
    0.2628956959104593,
    0.21717177193284448,
    0.17144784795522966,
    0.12572392397761484
  ],
  "terminal_growth_rate": 0.03,
  "analyst_revenue_growth_y1": 49439766880,
  "analyst_revenue_growth_y2": 76177759000,
  "analyst_earnings_growth_5y": 0,
  "number_of_analysts": 46,
  "analyst_weight": 0.8,
  "historical_weight": 0.2,
  "historical_cagr": 0.8365258008238343,
  "sustainable_growth_rate": 0.017278445374297024,
  "source": "analyst_blend",
  "confidence": "high",
  "method": "80% analyst (46 analysts) + 20% historical CAGR",
  "warnings": [
    "Stage 1 growth (60.0%) exceeds ROIC-sustainable growth (1.7%); blending downward"
  ]
}