{
  "projected_growth_rates": [
    0.03641785104866173,
    0.03641785104866173,
    0.03641785104866173,
    0.03641785104866173,
    0.03641785104866173,
    0.03641785104866173,
    0.03641785104866173
  ],
  "terminal_growth_rate": 0.025356806905497575,
  "analyst_revenue_growth_y1": 196732984450,
  "analyst_revenue_growth_y2": 204499978100,
  "analyst_earnings_growth_5y": 0,
  "number_of_analysts": 14,
  "historical_cagr": 0.05071361381099515,
  "sustainable_growth_rate": 0.03110907927194414,
  "source": "analyst_blend",
  "confidence": "high",
  "method": "80% analyst (14 analysts) + 20% historical CAGR",
  "warnings": [
    "Stage 1 growth (4.2%) exceeds ROIC-sustainable growth (3.1%); blending downward"
  ]
}