{
  "implied_pe": 20.503471706452416,
  "sector_median_pe": 12,
  "implied_ev_ebitda": 14.804721898447058,
  "sector_median_ev_ebitda": 10,
  "implied_pfcf": 17.933198765840817,
  "sector_median_pfcf": 14,
  "is_reasonable": true
}