{
  "blume_beta": 3.0073200000000004,
  "inputs": {
    "MarketValueOfEquity": 7948099320.84,
    "MarketValueOfDebt": 123773000,
    "Beta": 3.0073200000000004,
    "RiskFreeRate": 0.045,
    "MarketRiskPremium": 0.05,
    "CountryRiskPremium": 0,
    "InterestExpense": 0,
    "TaxRate": 0.21
  },
  "raw_beta": 3.996,
  "relevered_beta": 3.0073200000000004,
  "result": {
    "cost_of_equity": 0.19536600000000004,
    "cost_of_debt_pretax": 0,
    "cost_of_debt_after_tax": 0,
    "weight_of_equity": 0.9846661350576071,
    "weight_of_debt": 0.015333864942392889,
    "wacc": 0.19237028414166452,
    "total_value": 8071872320.84,
    "tax_shield": 0
  },
  "unlevered_beta": 2.970772379995827
}