{
  "implied_pe": 15.564755027309031,
  "sector_median_pe": 22,
  "implied_ev_ebitda": 8.624011802493369,
  "sector_median_ev_ebitda": 10,
  "implied_pfcf": 21.06886693996928,
  "sector_median_pfcf": 25,
  "is_reasonable": true
}