{
  "projected_growth_rates": [
    0.45285618400674726,
    0.45285618400674726,
    0.45285618400674726,
    0.3782849472053978,
    0.3037137104040484,
    0.22914247360269893,
    0.15457123680134943
  ],
  "terminal_growth_rate": 0.03,
  "analyst_revenue_growth_y1": 391720962530,
  "analyst_revenue_growth_y2": 551693873370,
  "analyst_earnings_growth_5y": 0,
  "number_of_analysts": 52,
  "analyst_weight": 0.8,
  "historical_weight": 0.2,
  "historical_cagr": 2.074419717999903,
  "sustainable_growth_rate": 0.16412053560044393,
  "source": "analyst_blend",
  "confidence": "high",
  "method": "80% analyst (52 analysts) + 20% historical CAGR",
  "warnings": [
    "Stage 1 growth (74.2%) exceeds ROIC-sustainable growth (16.4%); blending downward"
  ]
}