{
  "projected_growth_rates": [
    0.10793044260025629,
    0.10793044260025629,
    0.10793044260025629,
    0.10234435408020504,
    0.09675826556015377,
    0.09117217704010253,
    0.08558608852005126
  ],
  "terminal_growth_rate": 0.03,
  "analyst_revenue_growth_y1": 329499651730,
  "analyst_revenue_growth_y2": 384165237280,
  "analyst_earnings_growth_5y": 0,
  "number_of_analysts": 50,
  "analyst_weight": 0.8,
  "historical_weight": 0.2,
  "historical_cagr": 0.16440830406502682,
  "sustainable_growth_rate": 0.05025535590877678,
  "source": "analyst_blend",
  "confidence": "high",
  "method": "80% analyst (50 analysts) + 20% historical CAGR",
  "warnings": [
    "Stage 1 growth (16.6%) exceeds ROIC-sustainable growth (5.0%); blending downward"
  ]
}