{
  "blume_beta": 1.06901,
  "inputs": {
    "MarketValueOfEquity": 3137956529837.2,
    "MarketValueOfDebt": 40262000000,
    "Beta": 1.06901,
    "RiskFreeRate": 0.045,
    "MarketRiskPremium": 0.05,
    "CountryRiskPremium": 0,
    "InterestExpense": 0,
    "TaxRate": 0.21
  },
  "raw_beta": 1.103,
  "relevered_beta": 1.06901,
  "result": {
    "cost_of_equity": 0.0984505,
    "cost_of_debt_pretax": 0,
    "cost_of_debt_after_tax": 0,
    "weight_of_equity": 0.9873318969032433,
    "weight_of_debt": 0.01266810309675665,
    "wacc": 0.09720331891607276,
    "total_value": 3178218529837.2,
    "tax_shield": 0
  },
  "unlevered_beta": 1.0582830231816105
}