{
  "blume_beta": 1.22378,
  "inputs": {
    "MarketValueOfEquity": 135039835920,
    "MarketValueOfDebt": 34669592000,
    "Beta": 1.22378,
    "RiskFreeRate": 0.045,
    "MarketRiskPremium": 0.05,
    "CountryRiskPremium": 0,
    "InterestExpense": 0,
    "TaxRate": 0.21
  },
  "raw_beta": 1.334,
  "relevered_beta": 1.22378,
  "result": {
    "cost_of_equity": 0.106189,
    "cost_of_debt_pretax": 0,
    "cost_of_debt_after_tax": 0,
    "weight_of_equity": 0.7957120448467775,
    "weight_of_debt": 0.20428795515322246,
    "wacc": 0.08449586633023445,
    "total_value": 169709427920,
    "tax_shield": 0
  },
  "unlevered_beta": 1.0174244750019994
}