{
  "projected_growth_rates": [
    0.10646718300320544,
    0.10646718300320544,
    0.10646718300320544,
    0.10117374640256435,
    0.09588030980192326,
    0.09058687320128218,
    0.08529343660064109
  ],
  "terminal_growth_rate": 0.03,
  "analyst_revenue_growth_y1": 329500574720,
  "analyst_revenue_growth_y2": 383995894590,
  "analyst_earnings_growth_5y": 0,
  "number_of_analysts": 48,
  "historical_cagr": 0.16440830406502682,
  "sustainable_growth_rate": 0.04774259941271961,
  "source": "analyst_blend",
  "confidence": "high",
  "method": "80% analyst (48 analysts) + 20% historical CAGR",
  "warnings": [
    "Stage 1 growth (16.5%) exceeds ROIC-sustainable growth (4.8%); blending downward"
  ]
}