{
  "blume_beta": 1.06231,
  "inputs": {
    "MarketValueOfEquity": 3108465644062.32,
    "MarketValueOfDebt": 62500000000,
    "Beta": 1.06231,
    "RiskFreeRate": 0.045,
    "MarketRiskPremium": 0.05,
    "CountryRiskPremium": 0,
    "InterestExpense": 0,
    "TaxRate": 0.21
  },
  "raw_beta": 1.093,
  "relevered_beta": 1.06231,
  "result": {
    "cost_of_equity": 0.09811550000000001,
    "cost_of_debt_pretax": 0,
    "cost_of_debt_after_tax": 0,
    "weight_of_equity": 0.9802899157494714,
    "weight_of_debt": 0.019710084250528597,
    "wacc": 0.09618163522871727,
    "total_value": 3170965644062.32,
    "tax_shield": 0
  },
  "unlevered_beta": 1.0457000560027865
}