{
  "implied_pe": 15.9529312705812,
  "sector_median_pe": 28,
  "implied_ev_ebitda": 11.336918222636596,
  "sector_median_ev_ebitda": 18,
  "implied_pfcf": 51.19695515214394,
  "sector_median_pfcf": 32,
  "is_reasonable": true
}