{
  "projected_growth_rates": [
    0.03045506442771391,
    0.03045506442771391,
    0.03045506442771391,
    0.03045506442771391,
    0.03045506442771391,
    0.03045506442771391,
    0.03045506442771391
  ],
  "terminal_growth_rate": 0.03,
  "analyst_revenue_growth_y1": 49088894110,
  "analyst_revenue_growth_y2": 50038196400,
  "analyst_earnings_growth_5y": 0,
  "number_of_analysts": 18,
  "historical_cagr": 0.07492159012148458,
  "sustainable_growth_rate": 0.038801864013907665,
  "source": "analyst_blend",
  "confidence": "high",
  "method": "80% analyst (18 analysts) + 20% historical CAGR"
}