{
  "implied_pe": -17.767685393541225,
  "sector_median_pe": 16,
  "implied_ev_ebitda": -8.463854095664237,
  "sector_median_ev_ebitda": 10,
  "implied_pfcf": -17.776745916434415,
  "sector_median_pfcf": 18,
  "is_reasonable": true
}