{
  "blume_beta": 1.2345000000000002,
  "inputs": {
    "MarketValueOfEquity": 132741622750,
    "MarketValueOfDebt": 34669592000,
    "Beta": 1.2345000000000002,
    "RiskFreeRate": 0.045,
    "MarketRiskPremium": 0.05,
    "CountryRiskPremium": 0,
    "InterestExpense": 0,
    "TaxRate": 0.21
  },
  "raw_beta": 1.35,
  "relevered_beta": 1.2345000000000002,
  "result": {
    "cost_of_equity": 0.10672500000000001,
    "cost_of_debt_pretax": 0,
    "cost_of_debt_after_tax": 0,
    "weight_of_equity": 0.7929075895436688,
    "weight_of_debt": 0.20709241045633114,
    "wacc": 0.08462306249404807,
    "total_value": 167411214750,
    "tax_shield": 0
  },
  "unlevered_beta": 1.023349271437407
}