{
  "blume_beta": 1.04355,
  "inputs": {
    "MarketValueOfEquity": 4566298980400,
    "MarketValueOfDebt": 82700000000,
    "Beta": 1.04355,
    "RiskFreeRate": 0.045,
    "MarketRiskPremium": 0.05,
    "CountryRiskPremium": 0,
    "InterestExpense": 0,
    "TaxRate": 0.21
  },
  "raw_beta": 1.065,
  "relevered_beta": 1.04355,
  "result": {
    "cost_of_equity": 0.0971775,
    "cost_of_debt_pretax": 0,
    "cost_of_debt_after_tax": 0,
    "weight_of_equity": 0.98221122431976,
    "weight_of_debt": 0.017788775680239982,
    "wacc": 0.09544883125133348,
    "total_value": 4648998980400,
    "tax_shield": 0
  },
  "unlevered_beta": 1.0288298641086955
}