{
  "implied_pe": 19.271899708235207,
  "sector_median_pe": 12,
  "implied_ev_ebitda": 13.915453915318981,
  "sector_median_ev_ebitda": 10,
  "implied_pfcf": 16.856014094157995,
  "sector_median_pfcf": 14,
  "is_reasonable": true
}