{
  "blume_beta": 1.04355,
  "inputs": {
    "MarketValueOfEquity": 4379475812080,
    "MarketValueOfDebt": 82700000000,
    "Beta": 1.04355,
    "RiskFreeRate": 0.045,
    "MarketRiskPremium": 0.05,
    "CountryRiskPremium": 0,
    "InterestExpense": 0,
    "TaxRate": 0.21
  },
  "raw_beta": 1.065,
  "relevered_beta": 1.04355,
  "result": {
    "cost_of_equity": 0.0971775,
    "cost_of_debt_pretax": 0,
    "cost_of_debt_after_tax": 0,
    "weight_of_equity": 0.9814664407045293,
    "weight_of_debt": 0.018533559295470743,
    "wacc": 0.09537645504156439,
    "total_value": 4462175812080,
    "tax_shield": 0
  },
  "unlevered_beta": 1.0282111507867995
}