{
  "projected_growth_rates": [
    0.4501035077100993,
    0.4501035077100993,
    0.4501035077100993,
    0.37608280616807943,
    0.3020621046260596,
    0.22804140308403975,
    0.15402070154201986
  ],
  "terminal_growth_rate": 0.03,
  "analyst_revenue_growth_y1": 391160224420,
  "analyst_revenue_growth_y2": 548212294610,
  "analyst_earnings_growth_5y": 0,
  "number_of_analysts": 51,
  "analyst_weight": 0.8,
  "historical_weight": 0.2,
  "historical_cagr": 2.074419717999903,
  "sustainable_growth_rate": 0.16412053560044393,
  "source": "analyst_blend",
  "confidence": "high",
  "method": "80% analyst (51 analysts) + 20% historical CAGR",
  "warnings": [
    "Stage 1 growth (73.6%) exceeds ROIC-sustainable growth (16.4%); blending downward"
  ]
}