{
  "projected_growth_rates": [
    0.03609011444311179,
    0.03609011444311179,
    0.03609011444311179,
    0.03609011444311179,
    0.03609011444311179,
    0.03609011444311179,
    0.03609011444311179
  ],
  "terminal_growth_rate": 0.025356806905497575,
  "analyst_revenue_growth_y1": 196854569200,
  "analyst_revenue_growth_y2": 204465071880,
  "analyst_earnings_growth_5y": 0,
  "number_of_analysts": 13,
  "analyst_weight": 0.8,
  "historical_weight": 0.2,
  "historical_cagr": 0.05071361381099515,
  "sustainable_growth_rate": 0.03110907927194414,
  "source": "analyst_blend",
  "confidence": "high",
  "method": "80% analyst (13 analysts) + 20% historical CAGR",
  "warnings": [
    "Stage 1 growth (4.1%) exceeds ROIC-sustainable growth (3.1%); blending downward"
  ]
}