{
  "projected_growth_rates": [
    0.058579986819929854,
    0.058579986819929854,
    0.058579986819929854,
    0.058579986819929854,
    0.058579986819929854,
    0.058579986819929854,
    0.058579986819929854
  ],
  "terminal_growth_rate": 0.03,
  "analyst_revenue_growth_y1": 10240095160,
  "analyst_revenue_growth_y2": 11265792160,
  "analyst_earnings_growth_5y": 0,
  "number_of_analysts": 28,
  "analyst_weight": 0.8,
  "historical_weight": 0.2,
  "historical_cagr": 0.13638286952529755,
  "sustainable_growth_rate": 0.009751566272424437,
  "source": "analyst_blend",
  "confidence": "high",
  "method": "80% analyst (28 analysts) + 20% historical CAGR",
  "warnings": [
    "Stage 1 growth (10.7%) exceeds ROIC-sustainable growth (1.0%); blending downward"
  ]
}