{
  "blume_beta": 0.9799,
  "inputs": {
    "MarketValueOfEquity": 107716417423.12001,
    "MarketValueOfDebt": 19785000000,
    "Beta": 0.9799,
    "RiskFreeRate": 0.045,
    "MarketRiskPremium": 0.05,
    "CountryRiskPremium": 0,
    "InterestExpense": 32000000,
    "TaxRate": 0.21
  },
  "raw_beta": 0.97,
  "relevered_beta": 0.9799,
  "result": {
    "cost_of_equity": 0.093995,
    "cost_of_debt_pretax": 0.001617386909274703,
    "cost_of_debt_after_tax": 0.0012777356583270154,
    "weight_of_equity": 0.8448252544962503,
    "weight_of_debt": 0.15517474550374966,
    "wacc": 0.07960762210197701,
    "total_value": 127501417423.12001,
    "tax_shield": 0.0003396512509476876
  },
  "unlevered_beta": 0.8557296699699712
}