{
  "blume_beta": 0.56718,
  "inputs": {
    "MarketValueOfEquity": 340003673082.45,
    "MarketValueOfDebt": 39065000000,
    "Beta": 0.5671799999999999,
    "RiskFreeRate": 0.045,
    "MarketRiskPremium": 0.05,
    "CountryRiskPremium": 0,
    "InterestExpense": 375000000,
    "TaxRate": 0.21
  },
  "raw_beta": 0.354,
  "relevered_beta": 0.5671799999999999,
  "result": {
    "cost_of_equity": 0.073359,
    "cost_of_debt_pretax": 0.009599385639319084,
    "cost_of_debt_after_tax": 0.007583514655062077,
    "weight_of_equity": 0.8969447945082418,
    "weight_of_debt": 0.10305520549175821,
    "wacc": 0.0665804938414573,
    "total_value": 379068673082.45,
    "tax_shield": 0.0020158709842570074
  },
  "unlevered_beta": 0.519982396010506
}