{
  "blume_beta": 0.9799,
  "inputs": {
    "MarketValueOfEquity": 106607880875.6,
    "MarketValueOfDebt": 19785000000,
    "Beta": 0.9799,
    "RiskFreeRate": 0.045,
    "MarketRiskPremium": 0.05,
    "CountryRiskPremium": 0,
    "InterestExpense": 0,
    "TaxRate": 0.21
  },
  "raw_beta": 0.97,
  "relevered_beta": 0.9799,
  "result": {
    "cost_of_equity": 0.093995,
    "cost_of_debt_pretax": 0,
    "cost_of_debt_after_tax": 0,
    "weight_of_equity": 0.8434642848320465,
    "weight_of_debt": 0.1565357151679535,
    "wacc": 0.07928142545278821,
    "total_value": 126392880875.6,
    "tax_shield": 0
  },
  "unlevered_beta": 0.8546036100361689
}