{
  "implied_pe": -16.236332261767338,
  "sector_median_pe": 16,
  "implied_ev_ebitda": -7.164042352406454,
  "sector_median_ev_ebitda": 10,
  "implied_pfcf": -16.24461188046278,
  "sector_median_pfcf": 18,
  "is_reasonable": true
}