{
  "blume_beta": 0.56852,
  "inputs": {
    "MarketValueOfEquity": 352373310034.2,
    "MarketValueOfDebt": 39065000000,
    "Beta": 0.56852,
    "RiskFreeRate": 0.045,
    "MarketRiskPremium": 0.05,
    "CountryRiskPremium": 0,
    "InterestExpense": 375000000,
    "TaxRate": 0.21
  },
  "raw_beta": 0.356,
  "relevered_beta": 0.56852,
  "result": {
    "cost_of_equity": 0.073426,
    "cost_of_debt_pretax": 0.009599385639319084,
    "cost_of_debt_after_tax": 0.007583514655062077,
    "weight_of_equity": 0.9002013880639662,
    "weight_of_debt": 0.09979861193603377,
    "wacc": 0.06685501135615655,
    "total_value": 391438310034.2,
    "tax_shield": 0.0020158709842570074
  },
  "unlevered_beta": 0.5227378812834041
}