{
  "implied_pe": -17.753618444815718,
  "sector_median_pe": 16,
  "implied_ev_ebitda": -8.45191407688879,
  "sector_median_ev_ebitda": 10,
  "implied_pfcf": -17.762671794354127,
  "sector_median_pfcf": 18,
  "is_reasonable": true
}