{
  "blume_beta": 0.9979900000000002,
  "inputs": {
    "MarketValueOfEquity": 106581252328.64,
    "MarketValueOfDebt": 19785000000,
    "Beta": 0.9979900000000002,
    "RiskFreeRate": 0.045,
    "MarketRiskPremium": 0.05,
    "CountryRiskPremium": 0,
    "InterestExpense": 0,
    "TaxRate": 0.21
  },
  "raw_beta": 0.997,
  "relevered_beta": 0.9979900000000002,
  "result": {
    "cost_of_equity": 0.09489950000000001,
    "cost_of_debt_pretax": 0,
    "cost_of_debt_after_tax": 0,
    "weight_of_equity": 0.8434312988206276,
    "weight_of_debt": 0.15656870117937233,
    "wacc": 0.08004120854242816,
    "total_value": 126366252328.64,
    "tax_shield": 0
  },
  "unlevered_beta": 0.8703527001959009
}