{
  "projected_growth_rates": [
    0.03768274225881957,
    0.03768274225881957,
    0.03768274225881957,
    0.03768274225881957,
    0.03768274225881957,
    0.03768274225881957,
    0.03768274225881957
  ],
  "terminal_growth_rate": 0.03,
  "analyst_revenue_growth_y1": 8690883100,
  "analyst_revenue_growth_y2": 9225319580,
  "analyst_earnings_growth_5y": 0,
  "number_of_analysts": 9,
  "historical_cagr": 0.07713659401916528,
  "sustainable_growth_rate": 0.00761449422516933,
  "source": "analyst_blend",
  "confidence": "medium",
  "method": "60% analyst (9 analysts) + 40% historical CAGR",
  "warnings": [
    "Stage 1 growth (6.8%) exceeds ROIC-sustainable growth (0.8%); blending downward"
  ]
}