{
  "implied_pe": 30.754451006996092,
  "sector_median_pe": 18,
  "implied_ev_ebitda": 23.829560307515745,
  "sector_median_ev_ebitda": 12,
  "implied_pfcf": 25.87845914003812,
  "sector_median_pfcf": 22,
  "is_reasonable": true
}