{
  "blume_beta": 1.8053400000000002,
  "inputs": {
    "MarketValueOfEquity": 4967727100000,
    "MarketValueOfDebt": 8470000000,
    "Beta": 1.8053400000000002,
    "RiskFreeRate": 0.045,
    "MarketRiskPremium": 0.05,
    "CountryRiskPremium": 0,
    "InterestExpense": 0,
    "TaxRate": 0.21
  },
  "raw_beta": 2.202,
  "relevered_beta": 1.8053400000000002,
  "result": {
    "cost_of_equity": 0.13526700000000003,
    "cost_of_debt_pretax": 0,
    "cost_of_debt_after_tax": 0,
    "weight_of_equity": 0.9982978970025123,
    "weight_of_debt": 0.0017021029974877804,
    "wacc": 0.13503676163383885,
    "total_value": 4976197100000,
    "tax_shield": 0
  },
  "unlevered_beta": 1.8029115610206816
}