{
  "blume_beta": 1.4448800000000002,
  "inputs": {
    "MarketValueOfEquity": 51428256263.6154,
    "MarketValueOfDebt": 567000000,
    "Beta": 1.4448800000000002,
    "RiskFreeRate": 0.045,
    "MarketRiskPremium": 0.05,
    "CountryRiskPremium": 0,
    "InterestExpense": 0,
    "TaxRate": 0.21
  },
  "raw_beta": 1.664,
  "relevered_beta": 1.4448800000000002,
  "result": {
    "cost_of_equity": 0.11724400000000001,
    "cost_of_debt_pretax": 0,
    "cost_of_debt_after_tax": 0,
    "weight_of_equity": 0.9890951590444075,
    "weight_of_debt": 0.010904840955592486,
    "wacc": 0.11596547282700252,
    "total_value": 51995256263.6154,
    "tax_shield": 0
  },
  "unlevered_beta": 1.4324040424361355
}