{
  "blume_beta": 1.9373300000000002,
  "inputs": {
    "MarketValueOfEquity": 704908656239.7001,
    "MarketValueOfDebt": 2997000000,
    "Beta": 1.9373300000000002,
    "RiskFreeRate": 0.045,
    "MarketRiskPremium": 0.05,
    "CountryRiskPremium": 0,
    "InterestExpense": 37000000,
    "TaxRate": 0.21
  },
  "raw_beta": 2.399,
  "relevered_beta": 1.9373300000000002,
  "result": {
    "cost_of_equity": 0.1418665,
    "cost_of_debt_pretax": 0.012345679012345678,
    "cost_of_debt_after_tax": 0.009753086419753086,
    "weight_of_equity": 0.9957663850068388,
    "weight_of_debt": 0.004233614993161182,
    "wacc": 0.14130718267146894,
    "total_value": 707905656239.7001,
    "tax_shield": 0.0025925925925925925
  },
  "unlevered_beta": 1.9308447258332575
}