{
  "implied_pe": -59.0425880616068,
  "sector_median_pe": 22,
  "implied_ev_ebitda": -57.07581252655975,
  "sector_median_ev_ebitda": 10,
  "implied_pfcf": -82.1487920414509,
  "sector_median_pfcf": 25,
  "is_reasonable": true
}