{
  "blume_beta": 2.9858800000000003,
  "inputs": {
    "MarketValueOfEquity": 8520745728.645,
    "MarketValueOfDebt": 151177000,
    "Beta": 2.9858800000000003,
    "RiskFreeRate": 0.045,
    "MarketRiskPremium": 0.05,
    "CountryRiskPremium": 0,
    "InterestExpense": 0,
    "TaxRate": 0.21
  },
  "raw_beta": 3.964,
  "relevered_beta": 2.9858800000000003,
  "result": {
    "cost_of_equity": 0.19429400000000002,
    "cost_of_debt_pretax": 0,
    "cost_of_debt_after_tax": 0,
    "weight_of_equity": 0.9825670725246854,
    "weight_of_debt": 0.01743292747531453,
    "wacc": 0.19090688678911125,
    "total_value": 8671922728.645,
    "tax_shield": 0
  },
  "unlevered_beta": 2.9446073269646016
}