{
  "blume_beta": 0.56718,
  "inputs": {
    "MarketValueOfEquity": 341961302582.64,
    "MarketValueOfDebt": 39065000000,
    "Beta": 0.56718,
    "RiskFreeRate": 0.045,
    "MarketRiskPremium": 0.05,
    "CountryRiskPremium": 0,
    "InterestExpense": 375000000,
    "TaxRate": 0.21
  },
  "raw_beta": 0.354,
  "relevered_beta": 0.56718,
  "result": {
    "cost_of_equity": 0.07335900000000001,
    "cost_of_debt_pretax": 0.009599385639319084,
    "cost_of_debt_after_tax": 0.007583514655062077,
    "weight_of_equity": 0.8974742695314918,
    "weight_of_debt": 0.1025257304685082,
    "wacc": 0.06661532031808959,
    "total_value": 381026302582.64,
    "tax_shield": 0.0020158709842570074
  },
  "unlevered_beta": 0.5202302227486832
}